case_id,nodule_id,original_volume_voxels,original_volume_mm3,shrunk_volume_voxels,shrunk_volume_mm3,volume_ratio,original_center_x,original_center_y,original_center_z,shrunk_center_x,shrunk_center_y,shrunk_center_z,original_min_x,original_min_y,original_min_z,original_max_x,original_max_y,original_max_z,shrunk_min_x,shrunk_min_y,shrunk_min_z,shrunk_max_x,shrunk_max_y,shrunk_max_z,original_dim_x,original_dim_y,original_dim_z,shrunk_dim_x,shrunk_dim_y,shrunk_dim_z
DLCS_0001_seg_sh.nii,1,662,409.1033935546875,662,409.1033935546875,1.0,106.08183062688822,63.93480929003019,-211.8092422715847,106.08183062688822,63.93480929003019,-211.8092422715847,110.0,60.234375,-214.68499755859375,101.5625,67.265625,-208.43499755859375,110.0,60.234375,-214.68499755859375,101.5625,67.265625,-208.43499755859375,-8.4375,7.03125,6.25,-8.4375,7.03125,6.25
DLCS_0001_seg_sh.nii,2,1346,831.8023681640625,1346,831.8023681640625,1.0,-88.93683831723627,-39.27557345839526,-125.97771672649864,-88.93683831723627,-39.27557345839526,-125.97771672649864,-82.65625,-43.828125,-129.68499755859375,-95.3125,-33.28125,-120.93499755859375,-82.65625,-43.828125,-129.68499755859375,-95.3125,-33.28125,-120.93499755859375,-12.65625,10.546875,8.75,-12.65625,10.546875,8.75
DLCS_0002_seg_sh.nii,1,1188,734.161376953125,1188,734.161376953125,1.0,29.948804450757592,129.13559422348484,-159.56766456064554,29.948804450757592,129.13559422348484,-159.56766456064554,35.693359375,123.291015625,-164.04998779296875,23.740234375,133.837890625,-154.04998779296875,35.693359375,123.291015625,-164.04998779296875,23.740234375,133.837890625,-154.04998779296875,-11.953125,10.546875,10.0,-11.953125,10.546875,10.0
